features,n_features,classifier,accuracy_mean,accuracy_std
shape,17,SVM (RBF),0.8626279699330779,0.01713792804379468
shape,17,KNN (k=5),0.7897266768355526,0.018374514621562744
shape,17,Random Forest,0.9024693902790947,0.00779195841723122
shape,17,Naive Bayes,0.825385112201289,0.007763676149905537
shape+color,35,SVM (RBF),0.9758818760220418,0.009578622503853045
shape+color,35,KNN (k=5),0.92030066922263,0.011276933876052223
shape+color,35,Random Forest,0.9758736309793736,0.006937416116000957
shape+color,35,Naive Bayes,0.955427299336274,0.014746595148322869
shape+texture,39,SVM (RBF),0.9790287339736983,0.003683699334772699
shape+texture,39,KNN (k=5),0.9271165711615892,0.011485141547758235
shape+texture,39,Random Forest,0.9763985653625757,0.010891264796434355
shape+texture,39,Naive Bayes,0.9313091753583158,0.011632959825318994
shape+vein,24,SVM (RBF),0.9244850283766886,0.015357266927267382
shape+vein,24,KNN (k=5),0.8180277857937914,0.01464643999613386
shape+vein,24,Random Forest,0.955428673510052,0.008290587540722281
shape+vein,24,Naive Bayes,0.8793873933297605,0.01548898948273813
shape+color+texture,57,SVM (RBF),0.988466559481112,0.004250569842677804
shape+color+texture,57,KNN (k=5),0.9554369185527202,0.014324833560624065
shape+color+texture,57,Random Forest,0.9842670844154953,0.006846966711165377
shape+color+texture,57,Naive Bayes,0.9606725206469611,0.015479700365743008
shape+color+vein,42,SVM (RBF),0.9779747426859601,0.008563317571582569
shape+color+vein,42,KNN (k=5),0.921867227329568,0.01751795449450876
shape+color+vein,42,Random Forest,0.983219963996647,0.0035585221660219325
shape+color+vein,42,Naive Bayes,0.9575270368690825,0.006282733333345632
shape+texture+vein,46,SVM (RBF),0.9753541932912835,0.002673606854448767
shape+texture+vein,46,KNN (k=5),0.9234434046529524,0.013196116021170082
shape+texture+vein,46,Random Forest,0.9805966662544146,0.010835748434615886
shape+texture+vein,46,Naive Bayes,0.9428494867460937,0.009098851112311282
shape+color+texture+vein,64,SVM (RBF),0.9879402509241318,0.004571573599915832
shape+color+texture+vein,64,KNN (k=5),0.9585796539830428,0.011398082392969524
shape+color+texture+vein,64,Random Forest,0.9858391392175456,0.010579737054571114
shape+color+texture+vein,64,Naive Bayes,0.9622500721441233,0.011063345329383694
