transform,color,color HSV,color RGB,shape,shape+color+texture,texture,vein
bright ×1.3,0.3920335429769392,0.39832285115303984,0.3522012578616352,0.7064989517819706,0.870020964360587,0.5471698113207547,0.24528301886792453
dark ×0.7,0.27672955974842767,0.3039832285115304,0.18658280922431866,0.8721174004192872,0.8343815513626834,0.37735849056603776,0.39832285115303984
identity,0.8825995807127882,0.8616352201257862,0.859538784067086,0.8721174004192872,0.989517819706499,0.8322851153039832,0.42348008385744235
noise σ=10,0.6624737945492662,0.43186582809224316,0.7568134171907757,0.8469601677148847,0.4381551362683438,0.09224318658280922,0.039832285115303984
occlude 10%,0.027253668763102725,0.033542976939203356,0.16561844863731656,0.70020964360587,0.041928721174004195,0.05450733752620545,0.24528301886792453
rotate 15°,0.870020964360587,0.8511530398322851,0.8511530398322851,0.8343815513626834,0.9350104821802935,0.33542976939203356,0.3438155136268344
rotate 45°,0.8679245283018868,0.8469601677148847,0.8532494758909853,0.6687631027253669,0.9182389937106918,0.3165618448637317,0.33752620545073375
rotate 90°,0.8825995807127882,0.8616352201257862,0.8616352201257862,0.8029350104821803,0.989517819706499,0.8322851153039832,0.4171907756813417
scale 0.5,0.8364779874213837,0.8155136268343816,0.8197064989517819,0.7924528301886793,0.8259958071278826,0.3333333333333333,0.14046121593291405
