transform,features,accuracy,seg_failures
identity,shape,0.8721174004192872,0
identity,color,0.8825995807127882,0
identity,color RGB,0.859538784067086,0
identity,color HSV,0.8616352201257862,0
identity,texture,0.8322851153039832,0
identity,vein,0.42348008385744235,0
identity,shape+color+texture,0.989517819706499,0
rotate 15°,shape,0.8343815513626834,0
rotate 15°,color,0.870020964360587,0
rotate 15°,color RGB,0.8511530398322851,0
rotate 15°,color HSV,0.8511530398322851,0
rotate 15°,texture,0.33542976939203356,0
rotate 15°,vein,0.3438155136268344,0
rotate 15°,shape+color+texture,0.9350104821802935,0
rotate 45°,shape,0.6687631027253669,0
rotate 45°,color,0.8679245283018868,0
rotate 45°,color RGB,0.8532494758909853,0
rotate 45°,color HSV,0.8469601677148847,0
rotate 45°,texture,0.3165618448637317,0
rotate 45°,vein,0.33752620545073375,0
rotate 45°,shape+color+texture,0.9182389937106918,0
rotate 90°,shape,0.8029350104821803,0
rotate 90°,color,0.8825995807127882,0
rotate 90°,color RGB,0.8616352201257862,0
rotate 90°,color HSV,0.8616352201257862,0
rotate 90°,texture,0.8322851153039832,0
rotate 90°,vein,0.4171907756813417,0
rotate 90°,shape+color+texture,0.989517819706499,0
scale 0.5,shape,0.7924528301886793,19
scale 0.5,color,0.8364779874213837,19
scale 0.5,color RGB,0.8197064989517819,19
scale 0.5,color HSV,0.8155136268343816,19
scale 0.5,texture,0.3333333333333333,19
scale 0.5,vein,0.14046121593291405,19
scale 0.5,shape+color+texture,0.8259958071278826,19
bright ×1.3,shape,0.7064989517819706,0
bright ×1.3,color,0.3920335429769392,0
bright ×1.3,color RGB,0.3522012578616352,0
bright ×1.3,color HSV,0.39832285115303984,0
bright ×1.3,texture,0.5471698113207547,0
bright ×1.3,vein,0.24528301886792453,0
bright ×1.3,shape+color+texture,0.870020964360587,0
dark ×0.7,shape,0.8721174004192872,0
dark ×0.7,color,0.27672955974842767,0
dark ×0.7,color RGB,0.18658280922431866,0
dark ×0.7,color HSV,0.3039832285115304,0
dark ×0.7,texture,0.37735849056603776,0
dark ×0.7,vein,0.39832285115303984,0
dark ×0.7,shape+color+texture,0.8343815513626834,0
noise σ=10,shape,0.8469601677148847,0
noise σ=10,color,0.6624737945492662,0
noise σ=10,color RGB,0.7568134171907757,0
noise σ=10,color HSV,0.43186582809224316,0
noise σ=10,texture,0.09224318658280922,0
noise σ=10,vein,0.039832285115303984,0
noise σ=10,shape+color+texture,0.4381551362683438,0
occlude 10%,shape,0.70020964360587,0
occlude 10%,color,0.027253668763102725,0
occlude 10%,color RGB,0.16561844863731656,0
occlude 10%,color HSV,0.033542976939203356,0
occlude 10%,texture,0.05450733752620545,0
occlude 10%,vein,0.24528301886792453,0
occlude 10%,shape+color+texture,0.041928721174004195,0
