vein_variant,n_features,classifier,accuracy_mean,accuracy_std,delta_vs_no_vein,paired_p,folds
(không dùng gân lá),57,SVM (RBF),0.988466559481112,0.004250569842677804,0.0,,0.9895 0.9817 0.9869 0.9948 0.9895
(không dùng gân lá),57,KNN (k=5),0.9554369185527202,0.014324833560624065,0.0,,0.9607 0.9319 0.9554 0.9764 0.9528
(không dùng gân lá),57,Random Forest,0.9842670844154953,0.006846966711165377,0.0,,0.9843 0.9869 0.9738 0.9948 0.9816
(không dùng gân lá),57,Naive Bayes,0.9606725206469611,0.015479700365743008,0.0,,0.9581 0.9607 0.9344 0.9816 0.9685
vein (Otsu -- baseline),64,SVM (RBF),0.9879402509241318,0.004571573599915832,-0.000526308556980104,0.7030950912157874,0.9895 0.9843 0.9816 0.9948 0.9895
vein (Otsu -- baseline),64,KNN (k=5),0.9585796539830428,0.011398082392969524,0.0031427354303226185,0.45853830723279515,0.9607 0.9450 0.9475 0.9764 0.9633
vein (Otsu -- baseline),64,Random Forest,0.9858391392175456,0.010579737054571114,0.00157205480205036,0.5918190323939869,0.9895 0.9869 0.9659 0.9974 0.9895
vein (Otsu -- baseline),64,Naive Bayes,0.9622500721441233,0.011063345329383694,0.0015775514971622107,0.6650520586159056,0.9555 0.9581 0.9475 0.9764 0.9738
vein_pct (ngưỡng cố định),64,SVM (RBF),0.989512305726182,0.0043919367878746665,0.0010457462450700339,0.6490215350033708,0.9895 0.9895 0.9816 0.9948 0.9921
vein_pct (ngưỡng cố định),64,KNN (k=5),0.9643470613293758,0.0088485502728214,0.008910142776655583,0.06711520266565223,0.9660 0.9529 0.9580 0.9790 0.9659
vein_pct (ngưỡng cố định),64,Random Forest,0.9868876338101715,0.00813580696473148,0.0026205493946762637,0.2306036111840744,0.9895 0.9895 0.9711 0.9948 0.9895
vein_pct (ngưỡng cố định),64,Naive Bayes,0.9653969300957799,0.01340409169632181,0.0047244094488188,0.1522385526465445,0.9555 0.9634 0.9475 0.9843 0.9764
vein_frangi (Frangi),64,SVM (RBF),0.9879457476192439,0.005631010695599704,-0.0005208118618680313,0.8474845262711368,0.9791 0.9843 0.9895 0.9948 0.9921
vein_frangi (Frangi),64,KNN (k=5),0.9627722581797695,0.010123153495173438,0.007335339627049353,0.058506169328280365,0.9712 0.9476 0.9580 0.9764 0.9606
vein_frangi (Frangi),64,Random Forest,0.9874153165409296,0.006512072521158272,0.003148232125434358,0.1779735311982958,0.9843 0.9895 0.9764 0.9948 0.9921
vein_frangi (Frangi),64,Naive Bayes,0.9695881601187285,0.008546773651770437,0.008915639471767434,0.14168102144327047,0.9738 0.9607 0.9580 0.9790 0.9764
